{"cameraMode":{"drawMode":0,"name":"Shaded","section":"Shading Mode"},"sceneLighting":true,"audioPlay":false,"sceneViewState":{"m_AlwaysRefresh":true,"showFog":true,"showSkybox":true,"showFlares":true,"showImageEffects":true,"showParticleSystems":true,"showVisualEffectGraphs":true,"m_FxEnabled":true},"in2DMode":false,"pivot":{"x":78.76708221435547,"y":-33.058231353759769,"z":-2.7228376865386965},"rotation":{"x":0.33751723170280459,"y":-0.21395200490951539,"z":0.07923372834920883,"w":0.9133783578872681},"size":10.920249938964844,"orthographic":false}